news,Sentiment_Score
Ethereum's Shapella Upgrade Completed Successfully,0.558799684047699
SEC Approves Ethereum Futures ETFs,0.0
Major Security Exploit Found in Ethereum Smart Contracts,0.0
Ethereum Developers Announce Delay in Key Update,-0.7494397759437561
Ethereum's Transition to Proof of Stake Nears Completion,0.0
Major DeFi Platform on Ethereum Suffers Hack,-0.9390854239463806
Ethereum Co-Founder Steps Down from Active Role,-0.505580484867096
EU Introduces New Regulations on Cryptocurrencies,0.0
Ethereum's Market Capitalization Reaches New High,0.9446637034416199
Partnership Announced Between Ethereum and Major Financial Institution,0.7733510136604309
```,0.0
